date,game_title
2023-06-29 17:49:31,DarkOrbit Free Pack Keys Giveaway
2023-06-29 17:03:36,Warframe Cumulus Collection Key Giveaway
2023-06-29 13:22:41,Ravenbound - Hammers of ï¿½valt (Steam) Giveaway
2023-07-10 13:04:08,Golf With Your Friends - Summer Party Pack (Steam) Key Giveaway
2023-07-10 12:02:19,Warframe Excalibur Avalon Bundle Key Giveaway
2023-07-11 06:14:02,XPock (IndieGala) Giveaway
2023-07-13 11:09:20,Train Valley 2 (Epic Games) Giveaway
2023-07-13 09:57:50,Miasma (itch.io) Giveaway
2023-07-13 16:38:25,Relic Hunters Legend (Beta) Steam Key Giveaway
2023-07-17 12:09:45,Hell Let Loose - Hot Drop DLC Steam Key Giveaway
2023-07-17 11:27:31,AVA: Dark History (IndieGala) Giveaway
